INSERT INTO SP_USUARIO (ID_USUARIO, CORREO, CONTRASENHA, NOMBRE, AP_PATERNO, AP_MATERNO, TIPO_USUARIO) VALUES (1, 'rruiz@mail.com', '3dx5rd45fc', 'Renzo', 'Ruiz', 'Albino', 'A');
INSERT INTO SP_USUARIO (ID_USUARIO, CORREO, CONTRASENHA, NOMBRE, AP_PATERNO, AP_MATERNO, TIPO_USUARIO) VALUES (2, 'scarpio@mail.com', '287fedsd', 'Samuel', 'Carpio', 'Caceres', 'E');
INSERT INTO SP_USUARIO (ID_USUARIO, CORREO, CONTRASENHA, NOMBRE, AP_PATERNO, AP_MATERNO, TIPO_USUARIO) VALUES (3, 'mparedes@mail.com', 'fpvBnqgC', 'Maria', 'Paredes', 'Salcedo', 'E');
INSERT INTO SP_USUARIO (ID_USUARIO, CORREO, CONTRASENHA, NOMBRE, AP_PATERNO, AP_MATERNO, TIPO_USUARIO) VALUES (4, 'pvaldi@mail.com', 'ShuNT2mj', 'Pedro', 'Valdiviezo', 'Ruiz', 'E');
INSERT INTO SP_USUARIO (ID_USUARIO, CORREO, CONTRASENHA, NOMBRE, AP_PATERNO, AP_MATERNO, TIPO_USUARIO) VALUES (5, 'carrasco@mail.com', 'ZJjSSkzn', 'Carlos', 'Arrasco', 'Cardenas', 'P');
INSERT INTO SP_USUARIO (ID_USUARIO, CORREO, CONTRASENHA, NOMBRE, AP_PATERNO, AP_MATERNO, TIPO_USUARIO) VALUES (6, 'achupari@mail.com', 'Fn4vkVSd', 'Alida', 'Chupari', 'Cardenas', 'P');
INSERT INTO SP_USUARIO (ID_USUARIO, CORREO, CONTRASENHA, NOMBRE, AP_PATERNO, AP_MATERNO, TIPO_USUARIO) VALUES (7, 'jchavez@mail.com', 'uFNWc8xd', 'Juan', 'Chavez', 'Roman', 'P');
INSERT INTO SP_USUARIO (ID_USUARIO, CORREO, CONTRASENHA, NOMBRE, AP_PATERNO, AP_MATERNO, TIPO_USUARIO) VALUES (8, 'gdavila@mail.com', 'gWkpcjtj', 'Gabriel', 'Davila', 'Torres', 'P');
INSERT INTO SP_USUARIO (ID_USUARIO, CORREO, CONTRASENHA, NOMBRE, AP_PATERNO, AP_MATERNO, TIPO_USUARIO) VALUES (9, 'agutierrez@mail.com', 'bhQJX9Va', 'Anna', 'Gutierrez', 'Perez', 'P');
INSERT INTO SP_USUARIO (ID_USUARIO, CORREO, CONTRASENHA, NOMBRE, AP_PATERNO, AP_MATERNO, TIPO_USUARIO) VALUES (10, 'cpereira@mail.com', '5RrBpteN', 'Carmen', 'Pereira', 'Ruiz', 'P');
INSERT INTO SP_USUARIO (ID_USUARIO, CORREO, CONTRASENHA, NOMBRE, AP_PATERNO, AP_MATERNO, TIPO_USUARIO) VALUES (11, 'kparedes@mail.com', 'uqXyDyqU', 'Kati', 'Paredes', 'Pardo', 'P');
INSERT INTO SP_USUARIO (ID_USUARIO, CORREO, CONTRASENHA, NOMBRE, AP_PATERNO, AP_MATERNO, TIPO_USUARIO) VALUES (12, 'fquispe@mail.com', 'NWbAg3db', 'Felix', 'Quispe', 'Asto', 'P');
INSERT INTO SP_USUARIO (ID_USUARIO, CORREO, CONTRASENHA, NOMBRE, AP_PATERNO, AP_MATERNO, TIPO_USUARIO) VALUES (13, 'jtalledo@mail.com', 'egaG2JA2', 'Jorge', 'Talledo', 'Ingaroca', 'P');
INSERT INTO SP_USUARIO (ID_USUARIO, CORREO, CONTRASENHA, NOMBRE, AP_PATERNO, AP_MATERNO, TIPO_USUARIO) VALUES (14, 'cgomez@mail.com', '2xcaNSUz', 'Carlos', 'Gomez', 'Vega', 'P');
INSERT INTO SP_USUARIO (ID_USUARIO, CORREO, CONTRASENHA, NOMBRE, AP_PATERNO, AP_MATERNO, TIPO_USUARIO) VALUES (15, 'jwarner@mail.com', 'dmh9iznK', 'Jacinto', 'Warner', 'Lopez', 'P');
INSERT INTO SP_USUARIO (ID_USUARIO, CORREO, CONTRASENHA, NOMBRE, AP_PATERNO, AP_MATERNO, TIPO_USUARIO) VALUES (16, 'pporras@mail.com', 'EG8n1DYo', 'Pilar', 'Porras', 'Galindez', 'P');
INSERT INTO SP_USUARIO (ID_USUARIO, CORREO, CONTRASENHA, NOMBRE, AP_PATERNO, AP_MATERNO, TIPO_USUARIO) VALUES (17, 'jquijote@mail.com', 'MCRvFyse', 'Jaime', 'Quijote', 'Salazar', 'E');
INSERT INTO SP_USUARIO (ID_USUARIO, CORREO, CONTRASENHA, NOMBRE, AP_PATERNO, AP_MATERNO, TIPO_USUARIO) VALUES (18, 'ybarrios@mail.com', 'UTSGbxuw', 'Yamile', 'Barrios', 'Tejada', 'A');

INSERT INTO SP_POSTULANTE (ID_POSTULANTE, ID_USUARIO, TIPO_DOC, NRO_DOC, FECHA_NAC, TELEFONO, DOMICILIO) VALUES (1, 5, 'D', '71517808', TO_DATE('26/07/2006', 'DD/MM/YYYY'), '926133530', 'Calle 1 Mz. A Lote 8, Ventanilla');
INSERT INTO SP_POSTULANTE (ID_POSTULANTE, ID_USUARIO, TIPO_DOC, NRO_DOC, FECHA_NAC, TELEFONO, DOMICILIO) VALUES (2, 6, 'D', '73806039', TO_DATE('20/03/2005', 'DD/MM/YYYY'), '931644968', 'Calle 2 Mz. D Lote 6, San Juan de Miraflores');
INSERT INTO SP_POSTULANTE (ID_POSTULANTE, ID_USUARIO, TIPO_DOC, NRO_DOC, FECHA_NAC, TELEFONO, DOMICILIO) VALUES (3, 7, 'D', '73478890', TO_DATE('01/08/2005', 'DD/MM/YYYY'), '963766109', 'Calle 3 Mz. M Lote 5, Puente Piedra');
INSERT INTO SP_POSTULANTE (ID_POSTULANTE, ID_USUARIO, TIPO_DOC, NRO_DOC, FECHA_NAC, TELEFONO, DOMICILIO) VALUES (4, 8, 'D', '72624515', TO_DATE('10/07/2006', 'DD/MM/YYYY'), '958062014', 'Av. Brasil 500, Breña');
INSERT INTO SP_POSTULANTE (ID_POSTULANTE, ID_USUARIO, TIPO_DOC, NRO_DOC, FECHA_NAC, TELEFONO, DOMICILIO) VALUES (5, 9, 'D', '79395611', TO_DATE('12/03/2004', 'DD/MM/YYYY'), '998617392', 'Av. La Paz 123, San Miguel');
INSERT INTO SP_POSTULANTE (ID_POSTULANTE, ID_USUARIO, TIPO_DOC, NRO_DOC, FECHA_NAC, TELEFONO, DOMICILIO) VALUES (6, 10, 'D', '76170405', TO_DATE('05/09/2004', 'DD/MM/YYYY'), '934411645', 'Av. Brasil 1830, Pueblo Libre');
INSERT INTO SP_POSTULANTE (ID_POSTULANTE, ID_USUARIO, TIPO_DOC, NRO_DOC, FECHA_NAC, TELEFONO, DOMICILIO) VALUES (7, 11, 'D', '72987317', TO_DATE('13/04/2005', 'DD/MM/YYYY'), '973832643', 'Av. Javier Prado Este 234, San Isidro');
INSERT INTO SP_POSTULANTE (ID_POSTULANTE, ID_USUARIO, TIPO_DOC, NRO_DOC, FECHA_NAC, TELEFONO, DOMICILIO) VALUES (8, 12, 'D', '73869113', TO_DATE('11/10/2005', 'DD/MM/YYYY'), '993629778', 'Av. San Borja Sur 1465, San Borja');
INSERT INTO SP_POSTULANTE (ID_POSTULANTE, ID_USUARIO, TIPO_DOC, NRO_DOC, FECHA_NAC, TELEFONO, DOMICILIO) VALUES (9, 13, 'D', '75342234', TO_DATE('20/08/2005', 'DD/MM/YYYY'), '939764558', 'Calle 4 Mz. Z Lote 4, Villa El Salvador');
INSERT INTO SP_POSTULANTE (ID_POSTULANTE, ID_USUARIO, TIPO_DOC, NRO_DOC, FECHA_NAC, TELEFONO, DOMICILIO) VALUES (10, 14, 'D', '79573689', TO_DATE('27/11/2005', 'DD/MM/YYYY'), '920088820', 'Av. La Molina 909, La Molina');
INSERT INTO SP_POSTULANTE (ID_POSTULANTE, ID_USUARIO, TIPO_DOC, NRO_DOC, FECHA_NAC, TELEFONO, DOMICILIO) VALUES (11, 15, 'C', '13541005369', TO_DATE('07/12/2005', 'DD/MM/YYYY'), '933075017', 'Jr. San Antonio 234, Villa María del Triunfo');
INSERT INTO SP_POSTULANTE (ID_POSTULANTE, ID_USUARIO, TIPO_DOC, NRO_DOC, FECHA_NAC, TELEFONO, DOMICILIO) VALUES (12, 16, 'C', '13108766794', TO_DATE('09/07/2006', 'DD/MM/YYYY'), '992941225', 'Av. Grau 150, Barranco');

INSERT INTO SP_SEMESTRE (ID_SEMESTRE, NOMBRE, FECHA_INICIO, FECHA_FIN) VALUES (1, '2021-1', TO_DATE('15/03/2021', 'DD/MM/YYYY'), TO_DATE('15/07/2021', 'DD/MM/YYYY'));
INSERT INTO SP_SEMESTRE (ID_SEMESTRE, NOMBRE, FECHA_INICIO, FECHA_FIN) VALUES (2, '2021-2', TO_DATE('15/08/2021', 'DD/MM/YYYY'), TO_DATE('15/12/2021', 'DD/MM/YYYY'));
INSERT INTO SP_SEMESTRE (ID_SEMESTRE, NOMBRE, FECHA_INICIO, FECHA_FIN) VALUES (3, '2022-1', TO_DATE('15/03/2022', 'DD/MM/YYYY'), TO_DATE('15/07/2022', 'DD/MM/YYYY'));
INSERT INTO SP_SEMESTRE (ID_SEMESTRE, NOMBRE, FECHA_INICIO, FECHA_FIN) VALUES (4, '2022-2', TO_DATE('15/08/2022', 'DD/MM/YYYY'), TO_DATE('15/12/2022', 'DD/MM/YYYY'));

INSERT INTO SP_CONVOCATORIA (ID_CONVOCATORIA, ID_SEMESTRE, NOMBRE, DESCRIPCION, FECHA_INICIO, FECHA_FIN, ESTADO) VALUES (1, 2, 'General 2021-2', 'Proceso de admisión para egresados de secundaria para ingresar en el semestre 2021-2', TO_DATE('15/05/2021', 'DD/MM/YYYY'), TO_DATE('15/06/2021', 'DD/MM/YYYY'), 'C');
INSERT INTO SP_CONVOCATORIA (ID_CONVOCATORIA, ID_SEMESTRE, NOMBRE, DESCRIPCION, FECHA_INICIO, FECHA_FIN, ESTADO) VALUES (2, 2, 'CEPRE 2021-2', 'Proceso de admisión para alumnos del Centro Preuniversitario de la Universidad para ingresar en el semestre 2021-2', TO_DATE('15/06/2021', 'DD/MM/YYYY'), TO_DATE('15/07/2021', 'DD/MM/YYYY'), 'C');
INSERT INTO SP_CONVOCATORIA (ID_CONVOCATORIA, ID_SEMESTRE, NOMBRE, DESCRIPCION, FECHA_INICIO, FECHA_FIN, ESTADO) VALUES (3, 3, 'Tercio Superior 2022', 'Proceso de admisión para alumnos que actualmente cursan el 5to de secundaria y tienen Tercio Superior para ingresar en el semestre 2022-1', TO_DATE('15/09/2021', 'DD/MM/YYYY'), TO_DATE('30/10/2021', 'DD/MM/YYYY'), 'C');
INSERT INTO SP_CONVOCATORIA (ID_CONVOCATORIA, ID_SEMESTRE, NOMBRE, DESCRIPCION, FECHA_INICIO, FECHA_FIN, ESTADO) VALUES (4, 3, '5to Secundaria 2022', 'Proceso de admisión para alumnos que actualmente cursan el 5to de secundaria para ingresar en el semestre 2022-1', TO_DATE('15/10/2021', 'DD/MM/YYYY'), TO_DATE('30/11/2021', 'DD/MM/YYYY'), 'C');
INSERT INTO SP_CONVOCATORIA (ID_CONVOCATORIA, ID_SEMESTRE, NOMBRE, DESCRIPCION, FECHA_INICIO, FECHA_FIN, ESTADO) VALUES (5, 3, 'General 2022-1', 'Proceso de admisión para egresados de secundaria para ingresar en el semestre 2022-1', TO_DATE('15/11/2021', 'DD/MM/YYYY'), TO_DATE('15/12/2021', 'DD/MM/YYYY'), 'C');
INSERT INTO SP_CONVOCATORIA (ID_CONVOCATORIA, ID_SEMESTRE, NOMBRE, DESCRIPCION, FECHA_INICIO, FECHA_FIN, ESTADO) VALUES (6, 3, 'CEPRE 2022-1', 'Proceso de admisión para alumnos del Centro Preuniversitario de la Universidad para ingresar en el semestre 2022-1', TO_DATE('15/01/2022', 'DD/MM/YYYY'), TO_DATE('15/02/2022', 'DD/MM/YYYY'), 'A');

INSERT INTO SP_CONVOCATORIA_POSTULANTE (ID_CONVOCATORIA, ID_POSTULANTE, ESTADO) VALUES (1, 5, 'R');
INSERT INTO SP_CONVOCATORIA_POSTULANTE (ID_CONVOCATORIA, ID_POSTULANTE, ESTADO) VALUES (1, 6, 'A');
INSERT INTO SP_CONVOCATORIA_POSTULANTE (ID_CONVOCATORIA, ID_POSTULANTE, ESTADO) VALUES (2, 2, 'R');
INSERT INTO SP_CONVOCATORIA_POSTULANTE (ID_CONVOCATORIA, ID_POSTULANTE, ESTADO) VALUES (2, 3, 'A');
INSERT INTO SP_CONVOCATORIA_POSTULANTE (ID_CONVOCATORIA, ID_POSTULANTE, ESTADO) VALUES (2, 7, 'A');
INSERT INTO SP_CONVOCATORIA_POSTULANTE (ID_CONVOCATORIA, ID_POSTULANTE, ESTADO) VALUES (2, 8, 'A');
INSERT INTO SP_CONVOCATORIA_POSTULANTE (ID_CONVOCATORIA, ID_POSTULANTE, ESTADO) VALUES (3, 1, 'R');
INSERT INTO SP_CONVOCATORIA_POSTULANTE (ID_CONVOCATORIA, ID_POSTULANTE, ESTADO) VALUES (3, 4, 'A');
INSERT INTO SP_CONVOCATORIA_POSTULANTE (ID_CONVOCATORIA, ID_POSTULANTE, ESTADO) VALUES (4, 1, 'A');
INSERT INTO SP_CONVOCATORIA_POSTULANTE (ID_CONVOCATORIA, ID_POSTULANTE, ESTADO) VALUES (4, 12, 'A');
INSERT INTO SP_CONVOCATORIA_POSTULANTE (ID_CONVOCATORIA, ID_POSTULANTE, ESTADO) VALUES (5, 5, 'A');
INSERT INTO SP_CONVOCATORIA_POSTULANTE (ID_CONVOCATORIA, ID_POSTULANTE, ESTADO) VALUES (5, 6, 'A');
INSERT INTO SP_CONVOCATORIA_POSTULANTE (ID_CONVOCATORIA, ID_POSTULANTE, ESTADO) VALUES (5, 9, 'R');
INSERT INTO SP_CONVOCATORIA_POSTULANTE (ID_CONVOCATORIA, ID_POSTULANTE, ESTADO) VALUES (5, 10, 'A');
INSERT INTO SP_CONVOCATORIA_POSTULANTE (ID_CONVOCATORIA, ID_POSTULANTE, ESTADO) VALUES (6, 2, 'P');
INSERT INTO SP_CONVOCATORIA_POSTULANTE (ID_CONVOCATORIA, ID_POSTULANTE, ESTADO) VALUES (6, 3, 'P');
INSERT INTO SP_CONVOCATORIA_POSTULANTE (ID_CONVOCATORIA, ID_POSTULANTE, ESTADO) VALUES (6, 5, 'P');
INSERT INTO SP_CONVOCATORIA_POSTULANTE (ID_CONVOCATORIA, ID_POSTULANTE, ESTADO) VALUES (6, 9, 'P');
INSERT INTO SP_CONVOCATORIA_POSTULANTE (ID_CONVOCATORIA, ID_POSTULANTE, ESTADO) VALUES (6, 11, 'P');

INSERT INTO SP_CENTRO (ID_CENTRO, ID_POSTULANTE, NOMBRE, DIRECCION, TIPO_CENTRO, FECHA_INICIO, FECHA_FIN) VALUES (1, 1, 'Colegio Virgen de Fátima', 'Av. Pedro Beltrán S/N, Ventanilla Alta', 'C', TO_DATE('01/03/2017', 'DD/MM/YYYY'), TO_DATE('15/12/2021', 'DD/MM/YYYY'));
INSERT INTO SP_CENTRO (ID_CENTRO, ID_POSTULANTE, NOMBRE, DIRECCION, TIPO_CENTRO, FECHA_INICIO, FECHA_FIN) VALUES (2, 2, 'Colegio Rosa de Santa María', 'Jr. Pedro Bertonelli 617, San Juan de Miraflores', 'C', TO_DATE('01/03/2016', 'DD/MM/YYYY'), TO_DATE('15/12/2020', 'DD/MM/YYYY'));
INSERT INTO SP_CENTRO (ID_CENTRO, ID_POSTULANTE, NOMBRE, DIRECCION, TIPO_CENTRO, FECHA_INICIO, FECHA_FIN) VALUES (3, 2, 'CEPRE Sunturwasi Chorrillos', 'Jr. Apolo 231, Chorrillos', 'P', TO_DATE('01/03/2021', 'DD/MM/YYYY'), TO_DATE('15/12/2021', 'DD/MM/YYYY'));
INSERT INTO SP_CENTRO (ID_CENTRO, ID_POSTULANTE, NOMBRE, DIRECCION, TIPO_CENTRO, FECHA_INICIO, FECHA_FIN) VALUES (4, 3, 'Colegio Saco Oliveros', 'Av. Los Crisantemos Mz. D Lote 6, Puente Piedra', 'C', TO_DATE('01/03/2016', 'DD/MM/YYYY'), TO_DATE('15/12/2020', 'DD/MM/YYYY'));
INSERT INTO SP_CENTRO (ID_CENTRO, ID_POSTULANTE, NOMBRE, DIRECCION, TIPO_CENTRO, FECHA_INICIO, FECHA_FIN) VALUES (5, 3, 'CEPRE Sunturwasi Lima Norte', 'Av. Universitaria 10481, Comas', 'P', TO_DATE('01/03/2021', 'DD/MM/YYYY'), TO_DATE('15/12/2021', 'DD/MM/YYYY'));
INSERT INTO SP_CENTRO (ID_CENTRO, ID_POSTULANTE, NOMBRE, DIRECCION, TIPO_CENTRO, FECHA_INICIO, FECHA_FIN) VALUES (6, 4, 'Colegio María Auxiliadora', 'Av. Brasil 440, Breña', 'C', TO_DATE('01/03/2017', 'DD/MM/YYYY'), TO_DATE('15/12/2021', 'DD/MM/YYYY'));
INSERT INTO SP_CENTRO (ID_CENTRO, ID_POSTULANTE, NOMBRE, DIRECCION, TIPO_CENTRO, FECHA_INICIO, FECHA_FIN) VALUES (7, 5, 'Colegio Clemente Althaus', 'Prol. Jr. Cuzco 360, San Miguel', 'C', TO_DATE('01/03/2016', 'DD/MM/YYYY'), TO_DATE('15/12/2020', 'DD/MM/YYYY'));
INSERT INTO SP_CENTRO (ID_CENTRO, ID_POSTULANTE, NOMBRE, DIRECCION, TIPO_CENTRO, FECHA_INICIO, FECHA_FIN) VALUES (8, 5, 'CEPRE Sunturwasi Chorrillos', 'Jr. Apolo 231, Chorrillos', 'P', TO_DATE('15/09/2021', 'DD/MM/YYYY'), TO_DATE('15/12/2021', 'DD/MM/YYYY'));
INSERT INTO SP_CENTRO (ID_CENTRO, ID_POSTULANTE, NOMBRE, DIRECCION, TIPO_CENTRO, FECHA_INICIO, FECHA_FIN) VALUES (9, 9, 'Colegio Saco Oliveros', 'Av. Revolución 418, Villa el Salvador', 'C', TO_DATE('01/03/2016', 'DD/MM/YYYY'), TO_DATE('15/12/2020', 'DD/MM/YYYY'));
INSERT INTO SP_CENTRO (ID_CENTRO, ID_POSTULANTE, NOMBRE, DIRECCION, TIPO_CENTRO, FECHA_INICIO, FECHA_FIN) VALUES (10, 9, 'CEPRE Sunturwasi Chorrillos', 'Jr. Apolo 231, Chorrillos', 'P', TO_DATE('15/09/2021', 'DD/MM/YYYY'), TO_DATE('15/12/2021', 'DD/MM/YYYY'));
INSERT INTO SP_CENTRO (ID_CENTRO, ID_POSTULANTE, NOMBRE, DIRECCION, TIPO_CENTRO, FECHA_INICIO, FECHA_FIN) VALUES (11, 11, 'Colegio Marianista', 'Av. El Triunfo 551, Villa María del Triunfo', 'C', TO_DATE('01/03/2016', 'DD/MM/YYYY'), TO_DATE('15/12/2020', 'DD/MM/YYYY'));
INSERT INTO SP_CENTRO (ID_CENTRO, ID_POSTULANTE, NOMBRE, DIRECCION, TIPO_CENTRO, FECHA_INICIO, FECHA_FIN) VALUES (12, 11, 'CEPRE Sunturwasi Chorrillos', 'Jr. Apolo 231, Chorrillos', 'P', TO_DATE('15/09/2021', 'DD/MM/YYYY'), TO_DATE('15/12/2021', 'DD/MM/YYYY'));

INSERT INTO SP_DOCUMENTO (ID_DOCUMENTO, NOMBRE, DESCRIPCION) VALUES (1, 'Documento de identidad del postulante', 'Debe adjuntar el documento de identidad (DNI o carné de extranjería) con el que se registró en el sistema');
INSERT INTO SP_DOCUMENTO (ID_DOCUMENTO, NOMBRE, DESCRIPCION) VALUES (2, 'Certificado de egreso de secundaria', 'Debe adjuntar un certificado emitido por MINEDU que indique que ha culminado exitosamente sus estudios secundarios');
INSERT INTO SP_DOCUMENTO (ID_DOCUMENTO, NOMBRE, DESCRIPCION) VALUES (3, 'Certificado de estudios en CEPRE actuales', 'Debe adjuntar un certificado emitido por la CEPRE Sunturhuasi que indique que está matriculado en el centro de estudios');
INSERT INTO SP_DOCUMENTO (ID_DOCUMENTO, NOMBRE, DESCRIPCION) VALUES (4, 'Certificado de estudios secundarios actuales', 'Debe adjuntar un certificado emitido por su institución educativa que indique que está cursando el 5to año de secundaria');
INSERT INTO SP_DOCUMENTO (ID_DOCUMENTO, NOMBRE, DESCRIPCION) VALUES (5, 'Certificado de tercio superior en secundaria', 'Debe adjuntar un certificado emitido por su institución educativa que indique que el alumno ha pertenecido al tercio superior de su colegio en cada año de su formación secundaria');
INSERT INTO SP_DOCUMENTO (ID_DOCUMENTO, NOMBRE, DESCRIPCION) VALUES (6, 'Libreta de notas de secundaria', 'Debe adjuntar una libreta de notas emitida por su institución educativa que indique que el promedio de notas del alumno ha sido de 14 a más en cada año de su formación secundaria');

INSERT INTO SP_CONVOCATORIA_DOCUMENTO (ID_CONVOCATORIA, ID_DOCUMENTO) VALUES (1, 1);
INSERT INTO SP_CONVOCATORIA_DOCUMENTO (ID_CONVOCATORIA, ID_DOCUMENTO) VALUES (1, 2);
INSERT INTO SP_CONVOCATORIA_DOCUMENTO (ID_CONVOCATORIA, ID_DOCUMENTO) VALUES (2, 1);
INSERT INTO SP_CONVOCATORIA_DOCUMENTO (ID_CONVOCATORIA, ID_DOCUMENTO) VALUES (2, 3);
INSERT INTO SP_CONVOCATORIA_DOCUMENTO (ID_CONVOCATORIA, ID_DOCUMENTO) VALUES (3, 1);
INSERT INTO SP_CONVOCATORIA_DOCUMENTO (ID_CONVOCATORIA, ID_DOCUMENTO) VALUES (3, 4);
INSERT INTO SP_CONVOCATORIA_DOCUMENTO (ID_CONVOCATORIA, ID_DOCUMENTO) VALUES (3, 5);
INSERT INTO SP_CONVOCATORIA_DOCUMENTO (ID_CONVOCATORIA, ID_DOCUMENTO) VALUES (3, 6);
INSERT INTO SP_CONVOCATORIA_DOCUMENTO (ID_CONVOCATORIA, ID_DOCUMENTO) VALUES (4, 1);
INSERT INTO SP_CONVOCATORIA_DOCUMENTO (ID_CONVOCATORIA, ID_DOCUMENTO) VALUES (4, 4);
INSERT INTO SP_CONVOCATORIA_DOCUMENTO (ID_CONVOCATORIA, ID_DOCUMENTO) VALUES (5, 1);
INSERT INTO SP_CONVOCATORIA_DOCUMENTO (ID_CONVOCATORIA, ID_DOCUMENTO) VALUES (5, 2);
INSERT INTO SP_CONVOCATORIA_DOCUMENTO (ID_CONVOCATORIA, ID_DOCUMENTO) VALUES (6, 1);
INSERT INTO SP_CONVOCATORIA_DOCUMENTO (ID_CONVOCATORIA, ID_DOCUMENTO) VALUES (6, 3);

INSERT INTO SP_ARCHIVO (ID_ARCHIVO, ID_CONVOCATORIA, ID_DOCUMENTO, ID_POSTULANTE, NOMBRE, ESTADO) VALUES (1, 1, 1, 5, 'DNI_Anna_Gutierrez.pdf', 'A');
INSERT INTO SP_ARCHIVO (ID_ARCHIVO, ID_CONVOCATORIA, ID_DOCUMENTO, ID_POSTULANTE, NOMBRE, ESTADO) VALUES (2, 1, 2, 5, 'Egreso_Anna_Gutierrez.pdf', 'R');
INSERT INTO SP_ARCHIVO (ID_ARCHIVO, ID_CONVOCATORIA, ID_DOCUMENTO, ID_POSTULANTE, NOMBRE, ESTADO) VALUES (3, 1, 1, 6, 'DNI_Carmen_Pereira.pdf', 'A');
INSERT INTO SP_ARCHIVO (ID_ARCHIVO, ID_CONVOCATORIA, ID_DOCUMENTO, ID_POSTULANTE, NOMBRE, ESTADO) VALUES (4, 1, 2, 6, 'Egreso_Carmen_Pereira.pdf', 'A');
INSERT INTO SP_ARCHIVO (ID_ARCHIVO, ID_CONVOCATORIA, ID_DOCUMENTO, ID_POSTULANTE, NOMBRE, ESTADO) VALUES (5, 2, 1, 2, 'DNI_Alida_Chupari.pdf', 'A');
INSERT INTO SP_ARCHIVO (ID_ARCHIVO, ID_CONVOCATORIA, ID_DOCUMENTO, ID_POSTULANTE, NOMBRE, ESTADO) VALUES (6, 2, 3, 2, 'CEPRE_Alida_Chupari.pdf', 'R');
INSERT INTO SP_ARCHIVO (ID_ARCHIVO, ID_CONVOCATORIA, ID_DOCUMENTO, ID_POSTULANTE, NOMBRE, ESTADO) VALUES (7, 2, 1, 3, 'DNI_Juan_Chavez.pdf', 'A');
INSERT INTO SP_ARCHIVO (ID_ARCHIVO, ID_CONVOCATORIA, ID_DOCUMENTO, ID_POSTULANTE, NOMBRE, ESTADO) VALUES (8, 2, 3, 3, 'CEPRE_Juan_Chavez.pdf', 'A');
INSERT INTO SP_ARCHIVO (ID_ARCHIVO, ID_CONVOCATORIA, ID_DOCUMENTO, ID_POSTULANTE, NOMBRE, ESTADO) VALUES (9, 2, 1, 7, 'DNI_Kati_Paredes.pdf', 'A');
INSERT INTO SP_ARCHIVO (ID_ARCHIVO, ID_CONVOCATORIA, ID_DOCUMENTO, ID_POSTULANTE, NOMBRE, ESTADO) VALUES (10, 2, 3, 7, 'CEPRE_Kati_Paredes.pdf', 'A');
INSERT INTO SP_ARCHIVO (ID_ARCHIVO, ID_CONVOCATORIA, ID_DOCUMENTO, ID_POSTULANTE, NOMBRE, ESTADO) VALUES (11, 2, 1, 8, 'DNI_Felix_Quispe.pdf', 'A');
INSERT INTO SP_ARCHIVO (ID_ARCHIVO, ID_CONVOCATORIA, ID_DOCUMENTO, ID_POSTULANTE, NOMBRE, ESTADO) VALUES (12, 2, 3, 8, 'CEPRE_Felix_Quispe.pdf', 'A');
INSERT INTO SP_ARCHIVO (ID_ARCHIVO, ID_CONVOCATORIA, ID_DOCUMENTO, ID_POSTULANTE, NOMBRE, ESTADO) VALUES (13, 3, 1, 1, 'DNI_Carlos_Arrasco.pdf', 'R');
INSERT INTO SP_ARCHIVO (ID_ARCHIVO, ID_CONVOCATORIA, ID_DOCUMENTO, ID_POSTULANTE, NOMBRE, ESTADO) VALUES (14, 3, 4, 1, '5to_Sec_Carlos_Arrasco.pdf', 'R');
INSERT INTO SP_ARCHIVO (ID_ARCHIVO, ID_CONVOCATORIA, ID_DOCUMENTO, ID_POSTULANTE, NOMBRE, ESTADO) VALUES (15, 3, 1, 4, 'DNI_Gabriel_Davila.pdf', 'A');
INSERT INTO SP_ARCHIVO (ID_ARCHIVO, ID_CONVOCATORIA, ID_DOCUMENTO, ID_POSTULANTE, NOMBRE, ESTADO) VALUES (16, 3, 4, 4, '5to_Sec_Gabriel_Davila.pdf', 'A');
INSERT INTO SP_ARCHIVO (ID_ARCHIVO, ID_CONVOCATORIA, ID_DOCUMENTO, ID_POSTULANTE, NOMBRE, ESTADO) VALUES (17, 3, 5, 4, 'Tercio_Gabriel_Davila.pdf', 'A');
INSERT INTO SP_ARCHIVO (ID_ARCHIVO, ID_CONVOCATORIA, ID_DOCUMENTO, ID_POSTULANTE, NOMBRE, ESTADO) VALUES (18, 3, 6, 4, 'Notas_Gabriel_Davila.pdf', 'A');
INSERT INTO SP_ARCHIVO (ID_ARCHIVO, ID_CONVOCATORIA, ID_DOCUMENTO, ID_POSTULANTE, NOMBRE, ESTADO) VALUES (19, 4, 1, 1, 'DNI_Carlos_Arrasco.pdf', 'A');
INSERT INTO SP_ARCHIVO (ID_ARCHIVO, ID_CONVOCATORIA, ID_DOCUMENTO, ID_POSTULANTE, NOMBRE, ESTADO) VALUES (20, 4, 4, 1, '5to_Sec_Carlos_Arrasco.pdf', 'A');
INSERT INTO SP_ARCHIVO (ID_ARCHIVO, ID_CONVOCATORIA, ID_DOCUMENTO, ID_POSTULANTE, NOMBRE, ESTADO) VALUES (21, 4, 1, 12, 'DNI_Pilar_Porras.pdf', 'A');
INSERT INTO SP_ARCHIVO (ID_ARCHIVO, ID_CONVOCATORIA, ID_DOCUMENTO, ID_POSTULANTE, NOMBRE, ESTADO) VALUES (22, 4, 4, 12, '5to_Sec_Pilar_Porras.pdf', 'A');
INSERT INTO SP_ARCHIVO (ID_ARCHIVO, ID_CONVOCATORIA, ID_DOCUMENTO, ID_POSTULANTE, NOMBRE, ESTADO) VALUES (23, 5, 1, 5, 'DNI_Anna_Gutierrez.pdf', 'A');
INSERT INTO SP_ARCHIVO (ID_ARCHIVO, ID_CONVOCATORIA, ID_DOCUMENTO, ID_POSTULANTE, NOMBRE, ESTADO) VALUES (24, 5, 2, 5, 'Egreso_Anna_Gutierrez.pdf', 'A');
INSERT INTO SP_ARCHIVO (ID_ARCHIVO, ID_CONVOCATORIA, ID_DOCUMENTO, ID_POSTULANTE, NOMBRE, ESTADO) VALUES (25, 5, 1, 6, 'DNI_Carmen_Pereira.pdf', 'A');
INSERT INTO SP_ARCHIVO (ID_ARCHIVO, ID_CONVOCATORIA, ID_DOCUMENTO, ID_POSTULANTE, NOMBRE, ESTADO) VALUES (26, 5, 2, 6, 'Egreso_Carmen_Pereira.pdf', 'A');
INSERT INTO SP_ARCHIVO (ID_ARCHIVO, ID_CONVOCATORIA, ID_DOCUMENTO, ID_POSTULANTE, NOMBRE, ESTADO) VALUES (27, 5, 1, 9, 'DNI_Jorge_Talledo.pdf', 'A');
INSERT INTO SP_ARCHIVO (ID_ARCHIVO, ID_CONVOCATORIA, ID_DOCUMENTO, ID_POSTULANTE, NOMBRE, ESTADO) VALUES (28, 5, 2, 9, 'Egreso_Jorge_Talledo.pdf', 'R');
INSERT INTO SP_ARCHIVO (ID_ARCHIVO, ID_CONVOCATORIA, ID_DOCUMENTO, ID_POSTULANTE, NOMBRE, ESTADO) VALUES (29, 5, 1, 10, 'DNI_Carlos_Gomez.pdf', 'A');
INSERT INTO SP_ARCHIVO (ID_ARCHIVO, ID_CONVOCATORIA, ID_DOCUMENTO, ID_POSTULANTE, NOMBRE, ESTADO) VALUES (30, 5, 2, 10, 'Egreso_Carlos_Gomez.pdf', 'A');
INSERT INTO SP_ARCHIVO (ID_ARCHIVO, ID_CONVOCATORIA, ID_DOCUMENTO, ID_POSTULANTE, NOMBRE, ESTADO) VALUES (31, 6, 1, 2, 'DNI_Alida_Chupari.pdf', 'P');
INSERT INTO SP_ARCHIVO (ID_ARCHIVO, ID_CONVOCATORIA, ID_DOCUMENTO, ID_POSTULANTE, NOMBRE, ESTADO) VALUES (32, 6, 3, 2, 'CEPRE_Alida_Chupari.pdf', 'P');
INSERT INTO SP_ARCHIVO (ID_ARCHIVO, ID_CONVOCATORIA, ID_DOCUMENTO, ID_POSTULANTE, NOMBRE, ESTADO) VALUES (33, 6, 1, 3, 'DNI_Juan_Chavez.pdf', 'P');
INSERT INTO SP_ARCHIVO (ID_ARCHIVO, ID_CONVOCATORIA, ID_DOCUMENTO, ID_POSTULANTE, NOMBRE, ESTADO) VALUES (34, 6, 3, 3, 'CEPRE_Juan_Chavez.pdf', 'P');
INSERT INTO SP_ARCHIVO (ID_ARCHIVO, ID_CONVOCATORIA, ID_DOCUMENTO, ID_POSTULANTE, NOMBRE, ESTADO) VALUES (35, 6, 1, 11, 'DNI_Jacinto_Warner.pdf', 'P');
INSERT INTO SP_ARCHIVO (ID_ARCHIVO, ID_CONVOCATORIA, ID_DOCUMENTO, ID_POSTULANTE, NOMBRE, ESTADO) VALUES (36, 6, 3, 11, 'CEPRE_Jacinto_Warner.pdf', 'P');

INSERT INTO SP_CUENTA (ID_CUENTA, BANCO, TIPO_CUENTA, NRO_CUENTA, CCI) VALUES (1, 'BBVA', 'A', '11298730243', '038112987302431320');
INSERT INTO SP_CUENTA (ID_CUENTA, BANCO, TIPO_CUENTA, NRO_CUENTA, CCI) VALUES (2, 'BCP', 'C', '15926618478', '063159266184780102');
INSERT INTO SP_CUENTA (ID_CUENTA, BANCO, TIPO_CUENTA, NRO_CUENTA, CCI) VALUES (3, 'BanBif', 'A', '15303969927', '018153039699270331');
INSERT INTO SP_CUENTA (ID_CUENTA, BANCO, TIPO_CUENTA, NRO_CUENTA, CCI) VALUES (4, 'Interbank', 'C', '15469987140', '121154699871401931');
INSERT INTO SP_CUENTA (ID_CUENTA, BANCO, TIPO_CUENTA, NRO_CUENTA, CCI) VALUES (5, 'Mibanco', 'C', '11468777886', '047114687778860712');
INSERT INTO SP_CUENTA (ID_CUENTA, BANCO, TIPO_CUENTA, NRO_CUENTA, CCI) VALUES (6, 'Scotiabank', 'A', '17264091889', '032172640918891779');

INSERT INTO SP_PAGO (ID_PAGO, ID_CONVOCATORIA, ID_POSTULANTE, ID_CUENTA, MONTO, FECHA_VENC, FECHA_PAGO, ESTADO) VALUES ('00001375595243316390', 1, 6, 1, 350, TO_DATE('20/06/2021', 'DD/MM/YYYY'), TO_DATE('22/06/2021', 'DD/MM/YYYY'), 'M');
INSERT INTO SP_PAGO (ID_PAGO, ID_CONVOCATORIA, ID_POSTULANTE, ID_CUENTA, MONTO, FECHA_VENC, FECHA_PAGO, ESTADO) VALUES ('00001326206990395460', 2, 3, 2, 250, TO_DATE('20/07/2021', 'DD/MM/YYYY'), TO_DATE('18/07/2021', 'DD/MM/YYYY'), 'R');
INSERT INTO SP_PAGO (ID_PAGO, ID_CONVOCATORIA, ID_POSTULANTE, ID_CUENTA, MONTO, FECHA_VENC, FECHA_PAGO, ESTADO) VALUES ('00001306987245091090', 2, 7, 3, 250, TO_DATE('20/07/2021', 'DD/MM/YYYY'), TO_DATE('20/07/2021', 'DD/MM/YYYY'), 'R');
INSERT INTO SP_PAGO (ID_PAGO, ID_CONVOCATORIA, ID_POSTULANTE, ID_CUENTA, MONTO, FECHA_VENC, FECHA_PAGO, ESTADO) VALUES ('00001724056953757340', 2, 8, 4, 300, TO_DATE('20/07/2021', 'DD/MM/YYYY'), TO_DATE('22/07/2021', 'DD/MM/YYYY'), 'M');
INSERT INTO SP_PAGO (ID_PAGO, ID_CONVOCATORIA, ID_POSTULANTE, ID_CUENTA, MONTO, FECHA_VENC, FECHA_PAGO, ESTADO) VALUES ('00001266672076479750', 3, 4, 5, 200, TO_DATE('05/11/2021', 'DD/MM/YYYY'), TO_DATE('01/11/2021', 'DD/MM/YYYY'), 'R');
INSERT INTO SP_PAGO (ID_PAGO, ID_CONVOCATORIA, ID_POSTULANTE, ID_CUENTA, MONTO, FECHA_VENC, FECHA_PAGO, ESTADO) VALUES ('00001806751355747050', 4, 1, 6, 250, TO_DATE('05/12/2021', 'DD/MM/YYYY'), TO_DATE('03/12/2021', 'DD/MM/YYYY'), 'R');
INSERT INTO SP_PAGO (ID_PAGO, ID_CONVOCATORIA, ID_POSTULANTE, ID_CUENTA, MONTO, FECHA_VENC, FECHA_PAGO, ESTADO) VALUES ('00001864612049781640', 4, 12, 1, 300, TO_DATE('05/12/2021', 'DD/MM/YYYY'), TO_DATE('07/12/2021', 'DD/MM/YYYY'), 'M');
INSERT INTO SP_PAGO (ID_PAGO, ID_CONVOCATORIA, ID_POSTULANTE, ID_CUENTA, MONTO, FECHA_VENC, FECHA_PAGO, ESTADO) VALUES ('00001249974663097200', 5, 5, 2, 300, TO_DATE('20/12/2021', 'DD/MM/YYYY'), NULL, 'A');
INSERT INTO SP_PAGO (ID_PAGO, ID_CONVOCATORIA, ID_POSTULANTE, ID_CUENTA, MONTO, FECHA_VENC, FECHA_PAGO, ESTADO) VALUES ('00001139441941522720', 5, 6, 4, 300, TO_DATE('20/12/2021', 'DD/MM/YYYY'), TO_DATE('18/12/2021', 'DD/MM/YYYY'), 'R');
INSERT INTO SP_PAGO (ID_PAGO, ID_CONVOCATORIA, ID_POSTULANTE, ID_CUENTA, MONTO, FECHA_VENC, FECHA_PAGO, ESTADO) VALUES ('00001537107943501420', 5, 10, 6, 350, TO_DATE('20/12/2021', 'DD/MM/YYYY'), TO_DATE('22/12/2021', 'DD/MM/YYYY'), 'M');
INSERT INTO SP_PAGO (ID_PAGO, ID_CONVOCATORIA, ID_POSTULANTE, ID_CUENTA, MONTO, FECHA_VENC, FECHA_PAGO, ESTADO) VALUES ('00001266672076479890', 2, 7, 5, 300, TO_DATE('20/07/2021', 'DD/MM/YYYY'), TO_DATE('22/07/2021', 'DD/MM/YYYY'), 'R');
